"FileName","JobId","CreatedAt"
"2010_EPA_Permit_Writers_Manual.pdf","2644a833-1609-465a-8262-109aed3a5169","2025-08-16T09:33:21.301000Z"
"2025_CFR_40-35.2120_Grant_Regulations.pdf","5c145b35-5adc-4488-b66b-b7c5152715ff","2025-08-16T09:33:21.663000Z"
"EPA_Guide_Part503_Biosolids_Rule.pdf","46012d7a-ec6e-4175-9611-ae018278fb67","2025-08-16T09:33:21.467000Z"
"2023_CFR_40-503_Biosolids_Standards.pdf","416c12c7-41b2-497a-9acf-d2300092b978","2025-08-16T09:33:21.671000Z"
"1985_EPA_Guide_Infiltration_Inflow.pdf","f17c953c-f10d-40be-98c2-a6491664408b","2025-08-16T09:33:21.908000Z"
"2014_CFR_40-35.927-2_Grant_Amendments.pdf","13547b85-1c8d-422d-b152-2fd6897ae6ba","2025-08-16T09:33:21.702000Z"
"EPA_Sanitary_Sewer_Evaluation_9100WGB6.pdf","fcc01433-d63c-405d-9da3-776ec1ce6935","2025-08-16T09:33:21.411000Z"
"EPA_Guide_Estimating_Infiltration_Inflow.pdf","3224504f-1fb7-44d9-84f7-7bf8750b5b46","2025-08-16T09:33:21.552000Z"
"EPA_Infiltration_Inflow_Review.pdf","0cb6d726-de12-46f6-9292-f254a67d0569","2025-08-16T09:33:21.361000Z"
